"pubmedID","pvalue","xmin_est","xmax","ntail","len_degree","unique_degree","gof","alpha","n_inter","methods","n_baits","n_preys","n_common_bait_prey"
"10531379",0.88,2,5,5,7,4,0.0920632455233691,3.10851993851302,8,"two hybrid",2,5,0
"11971985",0.65,3,7,4,8,5,0.135947273250499,3.31417738764924,11,"affinity chromatography technology",2,4,2
"12421765",0.11,1,7,96,96,6,0.0443724491562881,2.33140316749614,84,"two hybrid",32,64,0
"12577067",0.07,1,218,217,217,4,0.0255395003438063,4.46689645397827,220,"pull down",1,217,1
"14679214",0.5,2,5,7,8,4,0.147136827080777,2.86680099716411,11,"pull down",3,5,0
"12606711",0.53,3,7,7,11,5,0.138049204298463,3.56411027183505,17,"pull down",4,7,0
"15048123",0.14,1,7,8,8,3,0.229450719716614,1.91280647302131,10,"anti bait coimmunoprecipitation",3,8,3
"14676191",0.21,1,22,61,61,12,0.0728065127950877,1.80127350545435,118,"anti tag coimmunoprecipitation",14,61,14
"unassigned5",0.03,1,19,43,43,5,0.0583992179811144,2.66725923647252,41,"two hybrid",5,38,0
"14667819",0,1,20,106,106,8,0.0845124121267719,2.80229578917321,95,"two hybrid",15,94,3
"14743216",0.31,1,154,508,508,48,0.020158340558755,1.80229556804488,1474,"tandem affinity purification",33,506,31
"15047060",0.11,1,70,71,71,4,0.0378743359739814,2.97676691521197,78,"molecular sieving",0,0,0
"15096576",0.07,1,7,10,10,6,0.210765791611149,1.65097545658267,19,"pull down",8,9,7
"15231747",0,1,29,188,188,17,0.0786860357140616,2.27890404873817,239,"two hybrid",31,184,27
"15232106",0.5,11,16,6,29,13,0.104608242377558,6.34310133625614,109,"protein array",23,27,21
"12419256",0.35,2,4,7,8,4,0.201835324879314,3.06730394230474,10,"two hybrid",8,7,7
"15175163",0,1,113,133,133,12,0.155600245387727,1.68331154939216,393,"anti tag coimmunoprecipitation",5,133,5
"12584197",0.68,2,7,5,9,5,0.105087608011805,2.43348275759227,11,"anti tag coimmunoprecipitation",4,8,3
"12963728",0.23,1,16,17,17,6,0.124652458520514,1.81221373419627,28,"anti tag coimmunoprecipitation",1,16,0
"14576168",0.32,2,27,26,27,7,0.0869305281552402,2.56662891092216,61,"anti tag coimmunoprecipitation",4,26,3
"14638676",0.01,1,29,28,28,7,0.139101665398671,1.86236244155046,53,"anti tag coimmunoprecipitation",5,28,5
"11714716",0.27,1,7,9,9,5,0.15111217732028,1.85411684055142,12,"anti bait coimmunoprecipitation,pull down",3,9,3
"15324660",0,1,123,155,155,8,0.0565020576852957,2.27855979693073,225,"coimmunoprecipitation",4,151,0
"12609982",0.68,2,6,7,10,5,0.110434728519494,2.59572171551948,13,"coimmunoprecipitation",6,9,5
"15102850",0.83,6,9,5,8,6,0.104336909558878,6.45293246538924,23,"anti bait coimmunoprecipitation",8,8,8
"15383276",0.02,4,21,25,60,14,0.142010678924682,2.36361541857555,139,"two hybrid",36,49,25
"12887920",0.48,2,10,11,13,5,0.0916281570940767,3.09799328852532,18,"anti tag coimmunoprecipitation",4,11,2
"8756624",0.64,2,5,6,9,4,0.118266114378975,2.99791162528626,10,"pull down",5,7,4
"12620389",0.13,2,14,14,21,5,0.127938240728307,2.82611821216134,30,"two hybrid",3,18,0
"15231748",0.01,1,92,528,528,26,0.0265688444965709,2.38635732823987,726,"two hybrid",21,523,16
"16729043",0.2,4,8,6,15,6,0.185157379310495,4.13181129048319,23,"pull down",4,11,0
"15985610",0.25,1,9,11,11,4,0.136384143280578,1.95209155003602,14,"anti bait coimmunoprecipitation",6,11,6
"11780067",0.89,3,8,7,10,5,0.0753119178665305,3.49635114541633,16,"coimmunoprecipitation,ion exchange chromatography",2,4,0
"14733938",0.63,4,8,7,15,6,0.0953137671133674,4.01285294664404,28,"two hybrid",14,13,12
"16169070",0.01,4,92,405,1589,48,0.0363596268664834,2.2961681563015,2999,"two hybrid pooling approach",961,905,277
"15694340",0.39,2,7,10,10,3,0.133685460791046,2.57141843372538,17,"surface plasmon resonance",6,6,5
"16189514",0.46,11,123,83,1472,42,0.0379914473028184,2.60280276956901,2582,"two hybrid pooling approach",91,68,20
"16212417",0.49,1,19,26,26,4,0.0546119276236695,2.45685446856769,28,"surface plasmon resonance",2,24,0
"16055720",0.19,1,34,58,58,6,0.0493098134840443,2.42535784288524,69,"pull down",3,55,0
"15383534",0.68,4,8,5,10,5,0.116035606520823,3.94553612804769,16,"anti tag coimmunoprecipitation",6,7,3
"11285285",0.4,2,6,5,7,5,0.175627168323796,2.40410528007951,10,"pull down",4,5,2
"16230350",0,2,27,31,33,11,0.136867884830206,1.81506057378375,115,"anti bait coimmunoprecipitation",9,33,9
"15647280",0.2,3,19,20,20,6,0.111603532717868,2.80352911186127,58,"affinity chromatography technology",3,20,3
"16273093",0,2,65,57,89,8,0.0864738048432048,2.88574687358668,157,"protein array",85,4,0
"12192000",0.08,3,5,7,7,3,0.341980317866338,3.02515910449473,15,"anti bait coimmunoprecipitation",5,6,4
"16514417",0.57,2,4,6,9,4,0.127536340507483,2.95143895679512,10,"anti bait coimmunoprecipitation,fluorescence microscopy",2,3,0
"16713569",0.15,1,150,553,553,21,0.0179510785139345,2.52416158405141,686,"two hybrid",198,413,58
"16712842",0.12,1,8,12,12,4,0.170757368898898,1.94248640999994,15,"pull down",2,10,0
"16374509",0.02,2,19,16,22,4,0.239493340495406,3.09717925100069,34,"filter binding",2,20,0
"16415788",0.42,2,9,9,11,4,0.144180905190775,3.08593998065546,15,"pull down",7,11,7
"16541025",0.61,3,7,4,9,5,0.135947273254257,3.31417738768476,12,"anti bait coimmunoprecipitation,anti tag coimmunoprecipitation",4,9,4
"16364915",0.7,7,10,4,10,7,0.118477165038493,6.39146928298198,25,"anti tag coimmunoprecipitation",8,7,6
"16697956",0.06,3,5,9,10,4,0.364854701645137,2.97216667942671,20,"fluorescence polarization spectroscopy",0,0,0
"17353931",0,7,287,392,1901,64,0.0598379542856664,2.34771508471316,5589,"anti bait coimmunoprecipitation",309,1727,135
"17043677",0.03,1,80,150,150,12,0.040228744267008,2.44415434242373,186,"two hybrid",9,148,7
"16990800",0.06,1,31,37,37,5,0.0777562111903766,2.57024700821476,42,"anti tag coimmunoprecipitation",4,37,4
"17113138",0.53,6,8,8,10,5,0.133942127766547,7.11111330706336,28,"anti bait coimmunoprecipitation",7,9,6
"17041588",0.43,3,16,12,21,9,0.121324329894392,2.29303232435289,46,"anti bait coimmunoprecipitation",12,21,12
"16306228",0.31,2,7,14,26,6,0.0981969063204879,2.70979449217161,29,"tandem affinity purification",12,17,4
"17215244",0.06,1,20,30,30,4,0.0957960123876198,2.28912077863955,36,"tandem affinity purification",2,28,0
"17057644",0.15,2,7,8,13,5,0.149180589231771,2.39796595085146,17,"pull down",10,6,3
"17274640",0.08,2,17,15,27,6,0.12802287787222,2.59405705378748,38,"antibody array",25,9,7
"17255943",0.88,2,5,5,7,4,0.0920632455233691,3.10851993851302,8,"pull down",4,5,2
"17268547",0.26,2,4,6,8,4,0.228931375005308,2.70559277115495,10,"anti bait coimmunoprecipitation",6,8,6
"17000644",0.03,1,33,55,55,4,0.0627628330501822,2.66306773484959,62,"affinity chromatography technology",4,55,4
"15174051",0,1,136,209,209,12,0.0478461956881331,2.52707626789815,285,"anti bait coimmunoprecipitation",6,207,4
"17314511",0.04,1,219,220,220,4,0.0278999076471924,4.41871978685174,223,"tandem affinity purification",3,220,3
"17318177",0.66,3,6,5,7,4,0.157595459768445,3.49962102109423,11,"pull down",6,6,5
"17540176",0,1,23,28,28,4,0.208649446510015,1.98163678215772,41,"anti tag coimmunoprecipitation",3,27,2
"17461779",0.01,1,24,35,35,8,0.106854330055835,2.17808216802786,48,"anti bait coimmunoprecipitation",6,33,4
"15225636",0.17,3,8,7,7,3,0.194987023122665,2.87799650090275,17,"pull down",7,5,5
"17531812",0.58,1,29,43,43,9,0.0477003065042388,1.95932760426271,72,"anti bait coimmunoprecipitation",5,43,5
"17662718",0.26,3,5,5,6,4,0.271653671306444,2.93571280723905,12,"two hybrid",6,4,4
"17923090",0.27,1,5,8,8,4,0.179299968683236,1.85598228389476,10,"anti bait coimmunoprecipitation",6,6,4
"17599067",0.81,2,6,7,10,4,0.0927300253207662,3.39262028455627,11,"pull down",3,6,1
"15799966",0.72,3,15,13,16,9,0.0977741619532835,2.43874623796285,41,"pull down",14,10,8
"18001824",0.69,2,7,6,8,4,0.112390614689991,3.05035484693083,10,"confocal microscopy",2,3,2
"18001825",0.41,2,8,6,9,4,0.160148796340809,2.65217593329406,12,"fluorescence microscopy",2,3,2
"17474147",0,1,193,327,327,16,0.13089405120661,1.72845091127641,952,"peptide array",321,15,9
"17932509",0,2,156,95,194,4,0.146804330661642,4.80263076474061,286,"anti tag coimmunoprecipitation",8,194,8
"17853893",0.16,1,10,14,14,4,0.146288205103868,1.90879209983945,18,"two hybrid",9,9,7
"17948026",0.21,4,15,12,18,11,0.141342029984688,2.48383566622988,53,"anti bait coimmunoprecipitation,two hybrid",13,15,12
"17620599",0,1,245,308,308,4,0.0919698097789452,2.66820813415028,399,"anti tag coimmunoprecipitation",15,308,15
"18255255",0.09,3,19,15,28,8,0.132841354472633,2.55611337590066,56,"two hybrid",22,25,19
"17979178",0.02,1,77,85,85,8,0.0513362400496439,2.69549854972422,101,"tandem affinity purification",4,85,4
"18157088",0.01,2,31,32,34,5,0.135244271200188,3.35983074645497,63,"two hybrid",7,33,6
"18256687",0.15,1,4,8,8,4,0.223745965016698,1.89763340108298,9,"pull down",5,6,3
"18286207",0.76,2,8,5,7,4,0.119984734104894,2.56314182074631,10,"pull down",2,5,2
"18256688",0.48,2,4,5,7,4,0.208224859476868,2.94226893087269,8,"anti tag coimmunoprecipitation",4,6,3
"19156129",0,1,159,197,197,15,0.0829070875043365,2.26418583490632,317,"anti tag coimmunoprecipitation",11,193,7
"18423201",0.82,3,6,6,10,5,0.100852919381644,3.82217112967051,14,"anti bait coimmunoprecipitation",4,9,4
"18588884",0.66,2,6,6,8,4,0.1275362802511,2.95143858585239,10,"fluorescence polarization spectroscopy",2,3,0
"18451879",0.17,2,4,7,8,4,0.272939688027087,2.68813338842059,11,"anti tag coimmunoprecipitation",5,3,0
"10220385",0.04,1,4,9,9,3,0.316728493251368,1.81829882499251,11,"anti tag coimmunoprecipitation",3,4,0
"10373431",0.74,2,9,10,12,6,0.0815212532172889,2.69333083497072,18,"anti bait coimmunoprecipitation",2,9,0
"9603525",0.44,2,8,7,9,4,0.174118665352913,2.74170018166002,13,"anti bait coimmunoprecipitation",2,9,2
"9674425",0.86,1,8,14,14,5,0.0629135678509424,2.06735093561299,16,"anti bait coimmunoprecipitation",4,12,2
"18000879",0.06,3,17,16,22,8,0.142588446369009,2.62163125089084,52,"two hybrid",4,18,0
"18418385",0.44,1,10,13,13,6,0.105224248617281,1.88766105270347,18,"biochemical",2,6,2
"18775313",0.5,3,36,26,55,12,0.0785437819219668,2.2997431358267,120,"anti tag coimmunoprecipitation",10,47,2
"18186651",0.24,1,5,8,8,5,0.182698406429322,1.79736434067279,11,"anti tag coimmunoprecipitation",5,7,4
"18805092",0.03,2,6,10,14,4,0.190565349916274,2.43798419599711,20,"enzymatic study",0,0,0
"17452450",0.26,2,9,9,11,4,0.173717249543676,2.9196362274784,16,"anti tag coimmunoprecipitation",5,9,3
"18984161",0.77,7,10,4,12,8,0.11847694774335,6.39146486157277,28,"molecular sieving",1,9,0
"18566590",0.49,3,5,5,7,5,0.194495592840416,3.77253792179662,11,"anti bait coimmunoprecipitation",6,7,6
"18624398",0.01,1,51,177,177,14,0.0432475600172035,2.36226948410701,198,"two hybrid",24,161,8
"19690564",0.01,6,48,40,114,19,0.116076156807255,2.66141113932038,302,"two hybrid array",19,95,0
"17112726",0.36,3,7,7,8,5,0.166824328937158,2.72946949610711,18,"anti bait coimmunoprecipitation",7,8,7
"19302785",0.14,2,10,11,12,4,0.196085501141826,3.01954757746413,19,"pull down",2,10,0
"19167335",0.34,6,30,27,47,17,0.0972812112497464,2.69619039864567,178,"phosphatase assay",0,0,0
"19167051",0.03,1,72,96,96,6,0.0545636073366343,2.68578733237175,115,"anti tag coimmunoprecipitation",3,96,3
"19131971",0.07,1,6,8,8,3,0.281668832252381,1.80090869512469,11,"anti tag coimmunoprecipitation",3,7,2
"19165146",0.05,1,4,8,8,4,0.283713823971704,1.7449502723056,11,"pull down",4,6,2
"19447967",0.29,4,10,8,60,7,0.0737921687132972,4.00992603909647,58,"two hybrid pooling approach",40,29,9
"19343720",0.09,1,24,40,40,4,0.0600977334581623,2.72903293995326,42,"pull down",2,38,0
"19549727",0,1,57,267,267,28,0.0800074866450152,1.74933840228983,699,"two hybrid array",37,234,4
"19410543",0.78,3,8,10,14,7,0.0891588709267367,3.01186695913088,26,"pull down",5,8,1
"19410544",0.94,1,12,18,18,5,0.0361673757112123,2.18123940696725,20,"tandem affinity purification",3,17,2
"16636290",0.35,1,15,18,18,4,0.0736002156904284,2.56852092533578,18,"enzyme linked immunosorbent assay",15,5,2
"19060904",0.41,1,42,225,225,13,0.0215755522407211,2.36381727506849,232,"two hybrid array,two hybrid pooling approach",153,79,7
"19410547",0.23,2,5,6,8,5,0.199816471205005,2.47596749276571,11,"anti bait coimmunoprecipitation",4,8,4
"19427028",0.51,2,9,9,14,5,0.116238635099884,2.32183033954829,21,"anti bait coimmunoprecipitation",5,10,5
"19446321",0.2,2,4,5,6,4,0.288866783829693,2.37774598859895,9,"anti bait coimmunoprecipitation",6,4,4
"20368287",0.18,1,8,30,30,4,0.0717132136204617,2.46768121424295,24,"pull down",13,21,4
"19490896",0.27,3,31,18,37,11,0.109788842602544,2.11732785219512,87,"anti tag coimmunoprecipitation",11,34,8
"19498464",0.47,1,15,24,24,6,0.0697010410421363,2.09979197470616,31,"anti tag coimmunoprecipitation",3,23,3
"19214193",0.38,1,28,31,31,4,0.0502533490717685,2.72078178872893,32,"biochemical",2,2,0
"19596235",0,1,154,214,214,8,0.0445286636079839,3.2867215195596,234,"anti tag coimmunoprecipitation",6,214,6
"19596236",0.53,2,6,5,7,4,0.152273723214656,2.65765136621347,9,"anti tag coimmunoprecipitation",4,5,2
"19214185",0.4,1,11,14,14,6,0.109065802738388,1.97605402089722,18,"chromatography technology",4,6,2
"19703393",0.14,2,8,9,12,5,0.167595608563908,2.42288164265502,19,"anti bait coimmunoprecipitation",4,11,3
"11013263",0.45,1,10,15,15,4,0.087898086824338,2.41873143842358,15,"chromatography technology",2,13,0
"18782753",0.39,26,38,6,46,18,0.15683900606243,8.75139217344048,253,"anti tag coimmunoprecipitation",18,45,17
"20059542",0.89,3,5,4,7,5,0.114172407391099,3.92889386249881,10,"pull down",6,3,2
"19615732",0,1,57,982,982,38,0.0285541512632382,2.07151920421049,1468,"anti tag coimmunoprecipitation",96,945,59
"20085707",0,1,10,12,12,4,0.243672690862403,1.76796703512384,20,"anti bait coimmunoprecipitation",11,5,4
"20360068",0.8,13,25,11,115,19,0.0818104548831315,4.9860386348838,237,"tandem affinity purification",38,112,35
"19250911",0.4,2,8,8,9,4,0.176026505282535,2.82880231193198,14,"pull down",8,5,5
"19688755",0.01,1,31,61,61,6,0.0848758971414881,2.7906707115005,58,"blue native page",0,0,0
"20178742",0.31,5,8,7,9,4,0.194028904093967,4.3019379182544,24,"anti tag coimmunoprecipitation",5,8,4
"20153263",0.85,5,8,6,9,5,0.0831568014086868,5.43701803320984,20,"anti bait coimmunoprecipitation",7,8,6
"19380743",0.12,1,37,89,89,11,0.0523511218140498,2.14888843947665,133,"tandem affinity purification",9,89,9
"15086532",0.23,2,10,7,12,4,0.148508309218446,2.72272605119162,15,"pull down",10,2,0
"16085932",0.12,3,14,12,18,7,0.147847348087063,2.88951486867347,36,"tandem affinity purification",9,17,8
"18654987",0.01,1,44,105,105,10,0.0506190489053777,2.7152234818127,104,"two hybrid",10,95,0
"20195357",0,1,84,719,719,31,0.0265930586356945,2.33329337882402,925,"display technology",56,679,16
"15601820",0.38,4,9,14,14,4,0.0964985637760659,4.50876500981534,35,"anti tag coimmunoprecipitation",9,9,4
"18729074",0,1,46,60,60,4,0.135312640893333,2.2612132922348,84,"tandem affinity purification",3,60,3
"21182203",0,1,284,300,300,4,0.0202887161785686,3.68696739415645,323,"affinity chromatography technology",2,300,2
"20467437",0.02,2,532,333,701,6,0.0662202659339128,6.54418677817054,1034,"anti bait coimmunoprecipitation",4,701,4
"17574030",0.4,3,8,7,9,5,0.147054969016676,2.82434809392389,19,"anti tag coimmunoprecipitation",8,8,7
"20603019",0.1,1,37,38,38,3,0.0760454640518304,2.90749768938425,40,"anti tag coimmunoprecipitation",4,38,4
"20860622",0.8,2,11,9,12,5,0.0814192079583023,2.53622299090823,18,"surface plasmon resonance",10,10,8
"20531386",0.13,3,14,11,17,7,0.151304626734156,2.7452687940785,34,"anti bait coimmunoprecipitation",3,16,2
"20601937",0.56,2,20,17,21,8,0.100944314540078,2.02535126904614,49,"anti tag coimmunoprecipitation",12,20,11
"18070987",0.66,3,6,5,7,4,0.157595459768445,3.49962102109423,11,"anti bait coimmunoprecipitation",4,7,4
"20951136",0.67,2,11,8,14,5,0.0959275070184187,2.5673739295796,18,"cosedimentation through density gradient",0,0,0
"21054789",0.21,2,5,8,11,4,0.17776531676118,2.6599834648931,14,"surface plasmon resonance",8,6,3
"20920251",0.24,5,8,8,9,5,0.192607055399581,3.95031902611196,27,"two hybrid",4,7,3
"20417604",0.08,1,7,10,10,5,0.190993309544044,1.81647475127885,14,"anti tag coimmunoprecipitation",4,8,3
"20711169",0.83,3,9,5,8,4,0.116456272554544,3.05759643404374,13,"anti bait coimmunoprecipitation",3,8,3
"20808282",0.4,2,21,19,24,7,0.113854100842337,2.14798381673333,53,"affinity chromatography technology",5,20,5
"20562859",0.53,6,489,91,1191,37,0.0530972189664053,2.01781436388651,2899,"anti tag coimmunoprecipitation",65,1191,65
"21163940",0.03,4,31,32,74,17,0.118855437916869,2.14112845052643,200,"two hybrid array",26,73,25
"20936779",0.09,1,77,475,475,24,0.0223399751442906,2.23077230079189,623,"two hybrid pooling approach",66,433,24
"21258344",0.56,4,38,12,46,11,0.107214885022197,2.28857534732836,101,"anti bait coimmunoprecipitation",11,45,10
"21045808",0.89,3,5,4,7,5,0.114172407391099,3.92889386249881,10,"anti bait coimmunoprecipitation",3,6,2
"21241894",0.83,2,6,6,8,4,0.0952199177100047,2.87241673266191,10,"anti bait coimmunoprecipitation",4,7,3
"21642987",0,1,37,57,57,6,0.135895354391882,1.94775166825999,99,"anti tag coimmunoprecipitation",3,57,3
"21314817",0,1,17,19,19,4,0.177955208652608,1.97457886904569,26,"protease assay",0,0,0
"19338310",0.51,1,26,29,29,7,0.0575013267281683,2.18518160728463,38,"anti tag coimmunoprecipitation",6,28,5
"21255825",0.04,3,12,10,11,5,0.231968599529539,2.92556335275392,27,"anti tag coimmunoprecipitation",11,9,9
"20676093",0.77,4,7,5,10,6,0.100842935660911,4.79940099091152,17,"pull down",5,7,2
"21326211",0.89,4,9,6,11,7,0.0837868235119565,3.83959662546931,20,"anti tag coimmunoprecipitation",6,7,5
"11546873",0.04,2,5,7,7,3,0.45727840481372,2.11865940192635,14,"anti bait coimmunoprecipitation",4,7,4
"21293490",0.53,2,6,5,7,4,0.154917425402038,2.73069687572982,9,"anti bait coimmunoprecipitation",5,6,4
"21078624",0,1,80,110,110,4,0.0570327418573999,2.87572546353313,126,"two hybrid",2,108,0
"11546874",0.79,5,7,4,10,7,0.0997971295443387,5.64647473370839,20,"anti tag coimmunoprecipitation",6,6,2
"16601204",0.47,4,8,6,11,6,0.144835167913331,3.21316692847233,22,"anti tag coimmunoprecipitation",4,9,2
"16209946",0.14,2,5,7,8,5,0.236051948276817,2.33741965959346,13,"anti tag coimmunoprecipitation",4,7,3
"16452507",0.79,3,12,6,13,7,0.0919687972711084,2.50875077467598,22,"anti bait coimmunoprecipitation",4,13,4
"21516116",0.11,2,102,281,790,16,0.0304034490299359,2.68423098106291,775,"two hybrid",573,323,106
"21481793",0.65,3,7,4,8,5,0.135947273250499,3.31417738764924,11,"anti tag coimmunoprecipitation",5,8,5
"18922472",0.22,1,46,47,47,6,0.0590220316803093,2.2019442997732,64,"anti tag coimmunoprecipitation",7,47,7
"20371770",0.47,1,13,22,22,6,0.0784668159486687,1.91835088153827,33,"pull down",4,16,4
"19417104",0.58,1,14,22,22,6,0.0666025363608412,1.96750568520559,32,"anti bait coimmunoprecipitation",4,22,4
"21988832",0,4,71,505,2549,34,0.0338773694719996,2.7027235030427,3463,"two hybrid array",8,7,0
"21282530",0.02,1,59,147,147,11,0.0441857758199289,2.3783446162632,204,"tandem affinity purification",7,143,3
"21376236",0.49,3,7,6,9,7,0.153304005476285,2.8399952102053,16,"cosedimentation through density gradient",2,5,1
"19636380",0.37,2,9,11,11,4,0.112847471037126,2.57814964908583,20,"tandem affinity purification",5,11,5
"16943429",0.67,3,7,7,8,5,0.108490029649689,3.35788446647317,15,"pull down",5,8,5
"20890303",0.61,2,5,5,7,5,0.139428200106511,2.59766227421668,9,"anti bait coimmunoprecipitation",3,6,2
"15960975",0.04,1,30,31,31,6,0.0996484750487463,2.18606558334648,42,"anti tag coimmunoprecipitation",5,30,4
"17178841",0.09,5,9,7,10,4,0.224178955427087,3.51639040716463,29,"anti bait coimmunoprecipitation",4,10,4
"12482968",0.89,3,5,4,7,5,0.114172407391099,3.92889386249881,10,"anti bait coimmunoprecipitation",4,5,4
"22493164",0.96,6,30,30,100,15,0.0411351083421942,3.50656848637031,230,"two hybrid array",67,79,46
"21360678",0.38,1,28,28,28,4,0.0529938066342314,2.48994151627982,33,"anti tag coimmunoprecipitation",2,28,2
"21382349",0.06,1,63,65,65,4,0.0448889479711789,3.25094081872383,67,"two hybrid",2,63,0
"21982860",0.16,2,7,31,51,7,0.0857676676973261,2.77397228726319,58,"protein array",42,48,39
"21729782",0.4,4,68,15,70,12,0.130276849119494,2.09767871470602,148,"anti tag coimmunoprecipitation",9,70,9
"16314522",0.4,2,7,6,8,4,0.172032431760105,2.72050863609523,11,"anti bait coimmunoprecipitation",5,7,4
"21782231",0.53,2,6,5,7,4,0.152273723214656,2.65765136621347,9,"cosedimentation through density gradient",0,0,0
"20562864",0.01,1,82,85,85,6,0.0574703463042512,3.0351048377983,93,"anti tag coimmunoprecipitation",3,83,3
"9472029",0.03,1,7,13,13,4,0.179222446605751,1.88013586878887,17,"affinity chromatography technology",7,6,0
"21888893",0.16,1,41,60,60,6,0.054754346084499,2.29754539168201,83,"tandem affinity purification",3,60,3
"20801936",0.6,2,10,8,13,6,0.10217029517615,2.21398548352239,20,"tandem affinity purification",3,13,3
"21900206",0.31,12,150,95,1115,39,0.0460824097869574,2.73193404181247,2609,"two hybrid",285,878,48
"22094255",0.04,1,5,7,7,4,0.371800912835904,1.60045584656831,13,"anti bait coimmunoprecipitation",4,5,3
"22094256",0.2,1,66,73,73,5,0.0362736159869667,2.72811220169418,84,"protein kinase assay",0,0,0
"23414517",0,1,59,490,490,28,0.0439044194870817,2.1910836814957,693,"two hybrid fragment pooling approach",70,470,50
"22081109",0.58,1,13,15,15,3,0.06570634327964,2.44307880823011,15,"two hybrid",3,15,3
"21946561",0.88,2,5,5,7,4,0.0920632455233691,3.10851993851302,8,"anti tag coimmunoprecipitation",2,5,0
"17289999",0.02,1,8,10,10,4,0.23562591350482,1.69806141662431,18,"anti tag coimmunoprecipitation",9,7,6
"21364888",0.45,3,6,10,11,5,0.111901431753309,3.92305367334005,20,"anti tag coimmunoprecipitation",6,7,2
"20864041",0.6,2,9,12,22,5,0.0782571258985801,2.78481341189076,24,"pull down",17,18,14
"16606617",0.48,2,4,5,7,4,0.208224859476868,2.94226893087269,8,"two hybrid",4,5,2
"22365833",0,6,25,90,196,23,0.0983132530322314,2.69687773452054,632,"two hybrid",166,161,131
"22439931",0.02,1,5,7,7,3,0.479652182125968,1.54466406436166,15,"anti bait coimmunoprecipitation",7,7,7
"22446626",0.18,1,22,25,25,5,0.0703629828228286,2.61866887335672,26,"pull down",3,25,3
"15923622",0.97,1,12,14,14,5,0.0487919785785285,2.00973567760903,18,"anti bait coimmunoprecipitation",4,13,4
"16024656",0.38,5,7,7,9,5,0.275706415946997,5.1760168624593,23,"anti tag coimmunoprecipitation",6,9,6
"23555304",0.19,3,21,17,21,10,0.131780869911823,2.54144234494601,57,"two hybrid",18,18,15
"21903422",0.63,1,37,234,234,17,0.0173505896563789,2.13714075214683,301,"anti tag coimmunoprecipitation",85,223,74
"22045338",0.66,1,11,14,14,4,0.0761064020949173,2.1317583374164,16,"cosedimentation through density gradient",0,0,0
"22500027",0.23,3,10,10,14,9,0.160432326268162,2.35709350927999,32,"anti tag coimmunoprecipitation",10,12,9
"22139371",0.53,2,6,5,7,4,0.154917425402038,2.73069687572982,9,"anti tag coimmunoprecipitation",1,4,0
"22203680",0.16,3,7,8,8,3,0.197899669493307,2.84058748881871,19,"pull down",2,8,2
"22632967",0.26,1,14,22,22,4,0.065756816021498,2.53294251142519,21,"anti tag coimmunoprecipitation",16,8,3
"22293751",0.4,2,8,8,9,4,0.176026505282535,2.82880231193198,14,"anti bait coimmunoprecipitation",2,8,2
"23455922",0.03,1,63,375,375,23,0.0368426656737176,2.27824897419103,485,"tandem affinity purification",30,353,8
"22402981",0.06,2,4,6,7,4,0.325315223600698,2.31539729836459,11,"anti bait coimmunoprecipitation",7,6,6
"18628297",0.12,2,11,11,12,4,0.210318302702279,2.94029494711375,20,"anti bait coimmunoprecipitation",2,12,2
"22863007",0.45,1,8,15,15,5,0.0960646687182808,2.00866488060051,17,"anti tag coimmunoprecipitation",10,8,7
"16959763",0.41,1,6,12,12,5,0.11048374806486,2.00740544981292,13,"anti tag coimmunoprecipitation",7,12,7
"19738201",0,1,396,457,457,4,0.0811003624944194,2.77688019351253,578,"cross linking study",2,456,1
"22441691",0.05,1,5,8,8,4,0.282266210204257,1.74191277008286,12,"anti bait coimmunoprecipitation",6,6,6
"18218625",0.31,2,7,6,7,4,0.204968216255117,2.62863070094016,11,"pull down",7,3,3
"23602568",0.07,3,214,95,717,26,0.0636749042333876,2.14787097854487,987,"tandem affinity purification",52,436,7
"22980980",0.29,4,10,10,11,7,0.159320765971369,2.83521857509443,33,"anti tag coimmunoprecipitation",6,11,6
"22939624",0,1,369,386,386,4,0.0208906643674626,4.43317746011538,397,"luminescence based mammalian interactome mapping",386,2,2
"23275563",0.02,1,84,136,136,4,0.0392809014623133,3.41676354536397,144,"two hybrid prey pooling approach",24,127,15
"23238014",0.16,1,14,18,18,7,0.130594088085075,1.77247320249374,30,"anti bait coimmunoprecipitation",6,18,6
"23289620",0.29,1,22,27,27,4,0.066688038961205,2.39672805726047,31,"anti bait coimmunoprecipitation",2,27,2
"23085988",0.99,4,6,7,11,6,0.0466557794487046,6.31504218720658,19,"pull down",11,8,8
"21145461",0,1,992,1583,1583,23,0.0620447851554773,1.90411345639402,4184,"tandem affinity purification",17,1583,17
"23288039",0.39,1,8,10,10,5,0.128520024481487,1.91030812018272,13,"anti bait coimmunoprecipitation",3,10,3
"19716330",0.43,2,6,9,10,5,0.125987314749695,2.94193983019313,14,"anti tag coimmunoprecipitation",6,8,4
"21981923",0.69,7,12,4,15,7,0.162235499006197,5.29053147712669,33,"anti tag coimmunoprecipitation",6,12,3
"23084401",0,2,118,108,125,6,0.120453004522333,4.58166806045247,235,"anti tag coimmunoprecipitation",3,125,3
"23260140",0.66,1,35,70,70,12,0.0372385106646702,1.97063235898745,107,"anti tag coimmunoprecipitation",9,41,9
"25241761",0.3,3,24,143,365,20,0.0377079260172081,2.56049805982399,557,"proximity ligation assay",0,0,0
"23455924",0,1,178,344,344,17,0.0479095011417372,2.18676806401634,519,"two hybrid",102,329,87
"23752268",0.02,1,123,287,287,16,0.032331601639673,2.35612937723798,383,"anti tag coimmunoprecipitation",22,280,15
"23397142",0.35,3,11,21,49,9,0.0881100798125811,2.93157800229473,67,"proximity ligation assay",1,1,0
"16360038",0.54,3,8,4,8,5,0.151079009700146,3.13936967098221,12,"pull down",2,7,2
"16209941",0.76,3,7,5,8,4,0.129856581750137,3.3097070340853,12,"molecular sieving",0,0,0
"23540691",0.15,1,6,10,10,3,0.183321735733607,1.93136093145234,12,"anti bait coimmunoprecipitation",5,8,5
"24366813",0.1,1,63,269,269,21,0.0355723017316847,1.95834233135873,451,"anti tag coimmunoprecipitation",34,263,28
"23840749",0.06,1,12,14,14,4,0.166873929056681,1.96460047740588,18,"two hybrid",5,13,4
"23524849",0.12,2,19,18,24,5,0.124409847582738,2.88614894034333,39,"anti tag coimmunoprecipitation",3,22,1
"22540012",0.16,3,11,6,12,5,0.174482212140825,3.06977370052715,18,"anti bait coimmunoprecipitation",2,11,1
"23746844",0.33,2,8,8,13,6,0.130258048464841,2.32116425373665,18,"pull down",3,11,1
"24189400",0,1,88,225,225,14,0.0422688603352172,2.45481345933708,304,"tandem affinity purification",11,225,11
"23870121",0.64,8,11,4,13,9,0.119258373495269,7.09176781714037,39,"anti bait coimmunoprecipitation",8,12,7
"24255178",0,1,151,393,393,26,0.0496429518896329,2.28181276404243,586,"anti tag coimmunoprecipitation",24,390,21
"27705803",0.01,1,84,488,488,41,0.0388274725328891,1.80336726490318,1192,"tandem affinity purification",63,482,57
"23954414",0.04,1,6,9,9,3,0.31278893986899,1.8088528154977,12,"anti tag coimmunoprecipitation",2,7,0
"10852826",0.64,3,7,6,9,5,0.119948649095788,3.69845900749313,14,"far western blotting",6,7,4
"19486527",0.08,1,73,75,75,4,0.0619688357619596,3.4687325245325,77,"tandem affinity purification",2,75,2
"23986595",0,1,66,67,67,5,0.119901858162457,2.50152722810624,89,"anti tag coimmunoprecipitation",9,67,9
"24412244",0.05,18,45,25,106,26,0.125321622605895,5.89816155917244,621,"two hybrid array",45,64,3
"23353889",0.24,1,10,23,23,5,0.0847991915009678,2.31279472089272,24,"pull down",4,22,3
"24315095",0.04,1,18,19,19,4,0.13832340662204,2.01184513787193,26,"cross linking study",1,9,0
"25640309",0.88,10,35,51,193,27,0.0500138945457755,3.39826154447632,599,"two hybrid array",49,151,8
"23866081",0.73,4,7,4,10,6,0.114059595432088,4.27479797788099,15,"anti bait coimmunoprecipitation",8,8,6
"24360279",0.7,2,6,5,8,5,0.118591305203015,2.50405158830674,10,"anti tag coimmunoprecipitation",4,5,3
"23299939",0.75,5,8,5,10,8,0.117196909897488,4.47786521153248,21,"anti tag coimmunoprecipitation",7,8,6
"24141787",0.65,3,7,4,8,5,0.135947273250499,3.31417738764924,11,"anti tag coimmunoprecipitation",3,8,3
"24510904",0,1,45,47,47,6,0.0762868851758109,2.76483808283722,52,"protein array",46,5,4
"24439376",0.5,1,15,16,16,6,0.094632675087571,1.88689733779752,24,"pull down",2,16,2
"23395904",0.41,2,6,7,8,4,0.164735663039949,2.99803079922326,11,"anti tag coimmunoprecipitation",8,6,6
"24304693",0.95,1,17,18,18,6,0.0361566424966834,2.08618484119915,23,"anti tag coimmunoprecipitation",3,15,3
"25036637",0.01,1,104,506,506,36,0.0352840376802666,1.83710843967769,1216,"luminescence based mammalian interactome mapping",319,275,88
"24728074",0,2,59,63,73,7,0.227925796236405,2.16501048833881,201,"fluorescence polarization spectroscopy",0,0,0
"20203130",0.39,4,8,6,9,6,0.169491027644402,3.486125247921,19,"anti tag coimmunoprecipitation",4,8,4
"26359495",0.64,1,10,23,23,5,0.0512553220911418,2.27128809725111,24,"two hybrid",9,18,4
"20947505",0.88,2,5,5,7,4,0.0920632455233691,3.10851993851302,8,"anti tag coimmunoprecipitation,confocal microscopy",2,5,0
"25814554",0.43,3,78,82,392,24,0.0489660565896306,2.08638217358128,609,"two hybrid array",87,353,48
"24126761",0.15,3,15,16,16,4,0.13797718725023,2.6423584264881,47,"tandem affinity purification",4,16,4
"24947832",0,1,89,125,125,4,0.0574681536875428,2.89393995566044,144,"protein array",98,31,4
"25260751",0,3,76,70,79,4,0.258084509652792,4.71507539247669,211,"ubiquitinase assay",1,1,0
"26972000",0,1,282,706,706,7,0.0341562343811156,3.26943266092276,805,"anti tag coimmunoprecipitation",4,706,4
"24835590",0,1,71,121,121,4,0.0570607630865295,2.89265784815461,139,"two hybrid",2,119,0
"24658140",0,1,122,134,134,6,0.0433448598312309,3.29062676397789,139,"ubiquitin reconstruction",41,127,34
"24855949",0.07,1,13,19,19,5,0.128303902700806,1.9999205981433,23,"pull down",7,18,6
"25123934",0.01,1,20,22,22,4,0.185121632649462,1.96117014572865,33,"pull down",2,22,2
"24882805",0,4,25,20,26,6,0.194571902942539,3.30313255204198,65,"anti tag coimmunoprecipitation",20,18,17
"24656813",0.59,1,21,22,22,4,0.0489239399604383,2.61670615371838,23,"anti tag coimmunoprecipitation",6,19,3
"24811749",0.02,1,65,83,83,4,0.0589395861181317,3.30639819372435,86,"anti tag coimmunoprecipitation",1,65,0
"24603492",0.52,1,7,10,10,4,0.1033612016575,1.98690716617045,12,"fluorescence microscopy",5,7,4
"20923837",0.41,2,6,6,10,5,0.149813404762851,2.59652957719958,12,"anti tag coimmunoprecipitation",4,8,3
"24976009",0.07,1,6,8,8,3,0.281668832252381,1.80090869512469,11,"anti bait coimmunoprecipitation",2,8,2
"22829933",0.66,2,5,11,12,5,0.0792110956248588,3.01954757746358,16,"two hybrid",11,12,11
"25561175",0.13,1,47,67,67,12,0.0744688107610145,1.96205189321457,116,"anti tag coimmunoprecipitation",10,64,7
"19047373",0.51,1,16,17,17,6,0.0770901922406456,2.07418410314912,22,"anti tag coimmunoprecipitation",3,4,1
"25416956",0.25,26,273,180,3854,92,0.0385289071414059,2.65498140979505,12070,"two hybrid array",3230,1648,1031
"25604459",0,1,139,185,185,4,0.0685252774376759,2.83443032983518,222,"tandem affinity purification",2,183,0
"25665578",0,2,155,143,350,8,0.0869913598393232,3.49133794809704,516,"anti tag coimmunoprecipitation",4,346,0
"25314079",0.82,2,8,6,10,4,0.0977128675734417,2.70559255810769,12,"anti bait coimmunoprecipitation,chromatin immunoprecipitation assay",5,8,5
"25303530",0.15,1,27,28,28,4,0.0912601970731447,2.15531867147454,38,"pull down",8,28,8
"25852190",0.02,1,98,387,387,24,0.0337817434896839,1.98989752940004,617,"anti tag coimmunoprecipitation",75,335,23
"19032343",0.41,2,8,6,9,4,0.160148796340809,2.65217593329406,12,"tandem affinity purification",2,9,2
"23563313",0.31,2,15,13,19,6,0.121513324102568,2.32025130741656,30,"pull down",17,16,14
"25609649",0,1,1302,1958,1958,45,0.0185346502089243,2.28166312312631,3282,"tandem affinity purification",80,1956,79
"24344204",0.07,1,44,112,112,23,0.0670355013266801,1.71170915966176,330,"anti tag coimmunoprecipitation",16,112,16
"25594178",0.57,1,7,15,15,4,0.0847205055318444,2.02965321587187,17,"anti bait coimmunoprecipitation",7,11,3
"24421388",0.25,1,7,8,8,4,0.177344345795183,1.85110116566291,11,"anti bait coimmunoprecipitation",1,6,1
"24396066",0.04,1,4,7,7,4,0.349714043143375,1.69767388288691,10,"pull down",3,5,1
"20102225",0.92,11,17,8,33,13,0.0554850268500723,6.91896683381197,134,"peptide array",33,33,33
"24722188",0.83,1,42,231,231,17,0.0140421016153405,2.2673950050935,264,"two hybrid array",45,194,8
"25402006",0.44,2,12,10,15,5,0.108580340177612,2.44144235959328,22,"pull down",5,13,3
"26028330",0.48,1,18,47,47,9,0.051754945473188,2.02062972934736,73,"anti tag coimmunoprecipitation",7,47,7
"19369418",0.02,1,45,47,47,6,0.0661203076680781,2.70098899889262,53,"anti bait coimmunoprecipitation",4,47,4
"26496610",0.83,15,247,425,4275,95,0.0201141792415679,2.59747967570469,14250,"anti tag coimmunoprecipitation",665,4021,411
"24785657",0.53,2,6,5,7,4,0.154917425402038,2.73069687572982,9,"anti tag coimmunoprecipitation",4,7,4
"26638075",0.02,2,400,999,1811,69,0.0248907512976589,2.02377614308958,5331,"proximity dependent biotin identification",60,1800,49
"26514267",0,1,147,243,243,4,0.0415540124249067,3.19819887231623,274,"two hybrid",2,241,0
"21044950",0,1,171,332,332,11,0.124414632050626,2.02173511429718,613,"bimolecular fluorescence complementation",6,236,6
"21343306",0.92,1,22,24,24,6,0.0424990531457459,2.1072871204746,31,"anti tag coimmunoprecipitation",6,23,5
"24642916",0.18,1,10,15,15,5,0.128128189588852,1.96278899920243,18,"surface plasmon resonance",6,10,1
"24218572",0.23,2,4,8,10,4,0.24208041818465,2.99126065260723,12,"lexa b complementation",6,6,2
"16730941",0.05,1,19,58,58,11,0.0857578394431726,1.89748323410652,101,"two hybrid",12,57,11
"26871637",0.14,1,35,346,346,15,0.0253176299072905,2.23741555634318,377,"two hybrid array,two hybrid prey pooling approach,validated two hybrid",108,251,13
"17500065",0.01,3,11,13,17,8,0.209278846406865,2.26834313106282,43,"anti bait coimmunoprecipitation",12,16,12
"26816005",0,1,155,176,176,6,0.0312423772739039,3.39615196651081,187,"pull down",7,170,3
"27107012",0.44,7,54,48,381,27,0.0470783753930784,2.50406130588609,678,"barcode fusion genetics two hybrid",262,204,92
"23236378",0.17,2,6,7,12,5,0.150296301268179,2.57096483688776,14,"anti tag coimmunoprecipitation",6,9,4
"27173435",0,1,53,799,799,29,0.043848950184232,2.07359967551097,1162,"tandem affinity purification",172,750,123
"24550280",0.03,1,38,69,69,7,0.0528128443789311,2.63767818799564,78,"phage display",4,65,0
"27291054",0,2,134,76,157,4,0.165813893723095,4.50050907632172,231,"pull down",2,156,1
"16980585",0.18,2,7,6,9,4,0.204968184051433,2.62863049853602,12,"anti tag coimmunoprecipitation",3,8,3
"17258210",0.33,3,5,4,6,5,0.245693621696149,3.09132242668213,10,"mammalian protein protein interaction trap",6,3,3
"27194810",0.47,1,7,15,15,4,0.0913347637498768,2.11046460291415,16,"two hybrid array",7,12,5
"25552655",0.55,2,11,10,12,6,0.111797216761092,2.43127713320483,21,"anti tag coimmunoprecipitation",3,9,2
"26824392",0.66,1,38,47,47,7,0.0378014183352784,2.22056337606834,63,"anti tag coimmunoprecipitation",5,44,5
"25789606",0.16,1,7,10,10,3,0.172483243164869,1.90254408263181,13,"protein kinase assay",1,2,1
"18614045",0.54,2,7,6,9,5,0.136511423569083,2.52944236221892,12,"anti bait coimmunoprecipitation",7,4,3
"32296183",0.35,88,488,147,7668,167,0.0405746735906567,3.62485571216178,46676,"two hybrid array,two hybrid prey pooling approach",5205,5097,2634
"unassigned1312",0,6,134,418,1314,62,0.072403910214857,2.05525015825101,4882,"inference by socio affinity scoring",0,0,0
"17289582",0.49,3,10,7,15,5,0.135381441177163,3.13543148865626,21,"anti bait coimmunoprecipitation",5,13,3
"17510365",0.59,1,20,34,34,7,0.0465586328081796,2.2104955488401,43,"tandem affinity purification",6,34,6
"19683501",0.8,3,5,4,8,5,0.114172407701752,3.92889386503255,10,"pull down",5,8,5
"27505670",0,1,36,46,46,4,0.130575063620967,2.23767559483528,61,"tandem affinity purification",5,46,5
"25910212",0.01,1,53,540,540,17,0.027326620489372,2.20471957651553,598,"two hybrid array,validated two hybrid",215,348,23
"21775429",0.5,2,5,7,8,4,0.147136827080777,2.86680099716411,11,"amplified luminescent proximity homogeneous assay",0,0,0
"27152988",0.09,1,3,8,8,3,0.450691333526076,1.91098800906362,8,"electron microscopy",0,0,0
"27728808",0.54,1,5,8,8,5,0.124485306798023,1.9689065935307,9,"anti bait coimmunoprecipitation",3,6,2
"26153859",0.2,2,8,7,10,4,0.193591620975717,2.67229860863413,14,"cross linking study",1,1,0
"28178521",0.3,2,13,12,14,6,0.113909730128884,2.54380785996462,25,"anti tag coimmunoprecipitation",5,14,5
"23022380",0.01,1,126,127,127,6,0.051869542348271,3.47355701313853,135,"tandem affinity purification",5,127,5
"26340423",0.24,2,9,8,11,4,0.18453620263723,2.72119042521622,16,"cross linking study",1,8,0
"28330616",0.23,3,71,127,573,32,0.0430916384678711,2.06218320260611,933,"pull down",61,530,18
"27086506",0,1,333,437,437,4,0.0164336224357524,4.08276324750952,457,"anti tag coimmunoprecipitation",2,435,0
"24789099",0.77,4,7,4,11,6,0.114059596377287,4.27479798942173,16,"fluorescence activated cell sorting",5,6,3
"24018270",0.81,3,5,8,14,4,0.0734062141955635,4.708190423051,17,"surface plasmon resonance",11,6,3
"27649529",0.73,4,7,4,10,6,0.114059595432088,4.27479797788099,15,"surface plasmon resonance",7,5,2
"26465331",0.09,1,78,77,77,4,0.0558901588142274,3.55326233187093,80,"two hybrid",2,77,2
"24606901",0.04,1,58,58,58,5,0.0678850790697589,3.10697552216539,62,"two hybrid",4,58,4
"28712572",0.7,2,6,5,8,5,0.118591305203015,2.50405158830674,10,"anti tag coimmunoprecipitation",6,4,2
"28514442",0,16,377,2187,10844,109,0.0273400516877875,2.88052463526525,56415,"anti tag coimmunoprecipitation",5028,8576,2760
"26929214",0.33,1,34,51,51,10,0.0652553783420119,1.81717481560153,103,"tandem affinity purification",5,50,4
"16799563",0.42,2,5,7,9,4,0.181933508306698,2.72272608071592,12,"pull down",4,8,3
"17468742",0.58,1,13,14,14,5,0.0902001220627606,1.95008527827922,19,"tandem affinity purification",2,14,2
"18066079",0.1,4,6,6,8,5,0.329878584307323,3.78316641500343,17,"tandem affinity purification",6,8,6
"18330356",0.54,4,8,7,45,5,0.080803756678172,4.70415116015549,37,"two hybrid",10,37,2
"18562274",0.27,1,30,38,38,5,0.0501001931519978,2.59840284560191,41,"anti tag coimmunoprecipitation",6,35,3
"18599441",0.09,5,12,10,13,6,0.170422328144575,3.42777357903795,41,"mass spectrometry studies of complexes",7,7,7
"19047629",0.9,1,11,13,13,4,0.0495878314609537,2.1319487977086,15,"anti bait coimmunoprecipitation",2,12,1
"19172752",0.07,1,6,8,8,3,0.281668832252381,1.80090869512469,11,"anti bait coimmunoprecipitation,anti tag coimmunoprecipitation",2,8,2
"19287395",0.6,2,8,5,9,4,0.119984645765002,2.56314142487776,11,"anti tag coimmunoprecipitation",2,9,2
"19329486",0.51,2,8,6,7,4,0.160148806729076,2.65217599091237,11,"anti tag coimmunoprecipitation",7,6,6
"19369198",0.24,2,10,8,11,4,0.182217542982216,2.73257210467209,16,"anti tag coimmunoprecipitation",9,11,9
"19433796",0.44,2,11,9,12,5,0.131403554394412,2.68245449441577,18,"anti tag coimmunoprecipitation",3,11,2
"19478851",0.37,3,5,6,8,4,0.212695988981005,3.41895921688957,13,"anti tag coimmunoprecipitation",4,7,3
"19497860",0.7,1,17,18,18,4,0.0476865561186964,2.48113810210806,19,"anti tag coimmunoprecipitation",2,18,2
"19617556",0.23,2,7,10,11,6,0.163797832250638,2.27718116596951,20,"anti tag coimmunoprecipitation",5,10,4
"19628699",0.37,2,7,7,8,4,0.182777003344158,2.80703778780975,12,"ion exchange chromatography,molecular sieving",0,0,0
"19955415",0.37,2,7,7,8,4,0.182777003344158,2.80703778780975,12,"anti bait coimmunoprecipitation",3,8,3
"20080577",0.56,1,17,24,24,6,0.0645457125284014,1.99506321716294,33,"tandem affinity purification",4,24,4
"20080638",0.63,4,13,9,16,8,0.11131962682471,2.73887227483525,39,"anti tag coimmunoprecipitation",9,16,9
"20098423",0.09,2,15,14,16,4,0.230678909834177,3.04450563437636,27,"anti bait coimmunoprecipitation",2,16,2
"20399188",0.01,1,8,11,11,3,0.40442714412476,1.60756309072039,22,"electron microscopy",3,10,2
"21478865",0.88,3,6,5,7,5,0.0976476843279805,3.96190767898427,11,"cosedimentation in solution,molecular sieving",3,1,0
"21984185",0.59,2,8,6,9,4,0.11947040989359,2.95143895679347,11,"pull down",3,8,2
"23242214",0.4,2,8,8,9,4,0.176026505282535,2.82880231193198,14,"anti bait coimmunoprecipitation",3,9,3
"23292512",0,1,12,13,13,3,0.31452332952015,1.67160328031169,27,"pull down",4,13,4
"23623729",0.03,8,11,10,12,4,0.278678602430164,6.24589676996279,48,"pull down",11,8,7
"23665581",0.22,3,5,5,7,4,0.33832717991573,3.36642909466346,11,"anti bait coimmunoprecipitation",5,6,4
"23955153",0.78,2,7,7,10,4,0.0942211043826304,3.04280355773635,12,"pull down",3,8,1
"23995757",0.54,1,16,25,25,6,0.0583216678816003,2.16819432143464,32,"anti tag coimmunoprecipitation",5,24,5
"24056303",0.27,3,8,9,9,4,0.150814768249662,3.02100724471717,20,"anti bait coimmunoprecipitation",5,9,5
"24089205",0.92,2,7,6,10,5,0.0776664520813553,2.62863045806326,12,"tandem affinity purification",5,8,3
"24290141",0.26,3,5,7,8,4,0.28781798103232,3.61445455034743,14,"pull down",6,8,6
"24358021",0.83,6,11,5,16,8,0.0941767475512807,4.49700093227598,29,"molecular sieving",8,6,5
"25173975",0.65,3,7,4,8,5,0.135947273250499,3.31417738764924,11,"molecular sieving",0,0,0
"25470060",0.69,2,7,6,8,4,0.112390614689991,3.05035484693083,10,"anti bait coimmunoprecipitation",3,7,2
"25517094",0.08,3,11,9,13,6,0.190881948114245,2.9710947811074,26,"pull down",3,11,1
"25519132",0.71,1,20,21,21,4,0.0450155403514118,2.39945397172572,23,"tandem affinity purification",5,21,5
"25567906",0.34,4,10,6,12,7,0.154860307770296,2.95993325400019,24,"anti tag coimmunoprecipitation",8,12,8
"25599396",0.87,2,5,7,10,4,0.081168392827497,3.20063201312602,11,"cross linking study",1,4,0
"25799061",0.42,1,9,16,16,4,0.0953066427438073,2.06464918931467,20,"tandem affinity purification",5,16,5
"26040720",0.38,3,13,7,16,4,0.128838406244753,3.26999314732081,21,"pull down",6,12,2
"26167883",0.31,3,11,7,14,6,0.141090815279374,2.6073028635716,23,"anti tag coimmunoprecipitation",3,13,3
"26297806",0.06,1,10,21,21,5,0.154143117450438,1.80905409309932,32,"anti bait coimmunoprecipitation",11,21,11
"26655834",0.01,1,7,11,11,3,0.442721164774117,1.5477490990931,25,"anti tag coimmunoprecipitation",6,11,6
"26659056",0.88,4,7,7,11,7,0.0833272207693838,4.60340814067851,21,"anti bait coimmunoprecipitation",7,11,7
"27029275",0.11,2,14,12,15,4,0.227694308454072,2.92818525621973,24,"D electron microscopy,transmission electron microscopy",0,0,0
"27193682",0.07,2,26,22,27,4,0.235225217086429,3.33719387064425,46,"D electron microscopy",0,0,0
"27281218",0.13,1,10,12,12,4,0.164070113768854,1.92441296648486,16,"anti tag coimmunoprecipitation",2,12,2
"20543829",0.51,2,8,6,12,4,0.10422961907066,2.76987897458834,13,"anti bait coimmunoprecipitation",9,8,5
"23219802",0.26,2,16,15,20,7,0.128236672356895,2.10254008708383,41,"cross linking study",2,2,2
"28381538",0.7,16,28,14,44,17,0.091335070443701,6.01337014351413,216,"filter binding",37,33,29
"25502805",0,1,4,78,78,3,0.132753398433177,2.51260206311288,56,"two hybrid array",1,4,0
"29021621",0.09,1,170,194,194,4,0.0421950905467039,4.36082744317967,194,"anti tag coimmunoprecipitation",2,194,2
"28199315",0.81,7,11,7,14,8,0.0749450543542935,5.94150468096649,38,"anti tag coimmunoprecipitation",5,12,5
"25263562",0.43,4,6,5,12,6,0.153442278291231,4.15255436713428,19,"anti tag coimmunoprecipitation",9,10,7
"22334708",0.28,4,6,8,10,5,0.223017942594725,4.7119321801655,21,"anti tag coimmunoprecipitation",5,6,1
"18765789",0,1,15,15,15,3,0.377183661405266,1.75206199057382,27,"tandem affinity purification",2,15,2
"30886144",0.05,1,25,139,139,13,0.0519055286268256,1.95359106378497,191,"two hybrid array",98,56,15
"29568061",0,2,412,1187,2239,55,0.0579489926647148,2.14120699430914,5700,"proximity dependent biotin identification",37,2223,21
"29426014",0,1,139,419,419,10,0.0413660833037819,2.88582929224216,500,"anti tag coimmunoprecipitation",14,418,14
"25187624",0.4,5,10,7,18,9,0.124128509217542,3.65958730799823,38,"enzyme linked immunosorbent assay",8,10,0
"29128334",0,2,302,421,776,22,0.0866236337396513,2.12876018229144,1964,"cross linking study",15,769,11
"29251827",0.05,1,30,60,60,5,0.0944295960058066,3.05220444639908,58,"anti bait coimmunoprecipitation",3,57,0
"29656893",0,1,275,513,513,8,0.0507891443355731,2.63048115382809,683,"proximity dependent biotin identification",7,513,7
"29513927",0,1,85,190,190,6,0.0503780079104563,2.57607107465124,246,"protein array",187,3,0
"27499296",0.02,6,213,174,528,51,0.0572782718463741,2.05334484455651,2267,"anti tag coimmunoprecipitation",76,502,50
"29507755",0,1,332,452,452,8,0.068157393334689,2.43344898508675,655,"anti tag coimmunoprecipitation",4,452,4
"30108113",0,1,136,199,199,4,0.0479818336800411,3.07778306519563,229,"proximity dependent biotin identification",2,199,2
"28298427",0.08,1,72,696,696,34,0.0174150324639986,2.19804169915014,994,"ubiquitin reconstruction",53,654,11
"26382858",0,1,87,108,108,4,0.0484400239230446,2.96604735801535,122,"pull down",2,107,1
"30126976",0.33,2,45,40,87,11,0.0590427947729706,2.2419606635519,136,"p filamentous phage display",12,77,2
"29997244",0.12,1,60,205,205,6,0.0162283373487432,3.46091495315016,148,"bioluminescence resonance energy transfer",75,94,60
"24463511",0,2,38,36,48,6,0.161173233157123,2.73366203160349,91,"tandem affinity purification",4,45,3
"29774127",0.06,1,7,8,8,3,0.309856565589912,1.80228508898995,11,"anti tag coimmunoprecipitation",5,7,4
"30561431",0.31,1,155,316,316,21,0.0231547071801195,2.14970585848049,560,"virotrap",13,316,13
"28065597",0.44,13,37,18,99,23,0.0949190278466743,3.50318615663583,324,"ubiquitin reconstruction",42,68,11
"30021884",0.1,2,271,1302,3663,53,0.016313668557461,2.34976926415043,4838,"cross linking study",0,0,0
"29100370",0,1,207,229,229,4,0.0265947683375339,3.47016598108053,249,"anti tag coimmunoprecipitation",3,229,3
"25702638",0.04,1,312,311,311,5,0.0282081664543498,4.4486469487974,319,"anti bait coimmunoprecipitation",3,311,3
"25281560",0,1,287,635,635,9,0.040790486026463,2.74500337973525,811,"proximity dependent biotin identification",5,633,3
"26686862",0,1,73,84,84,10,0.101052686476112,1.82494627563845,183,"anti tag coimmunoprecipitation",9,83,8
"23091066",0.02,1,10,11,11,3,0.236427400507674,1.86215611355522,16,"anti bait coimmunoprecipitation",11,7,7
"29125462",0.61,1,22,25,25,4,0.0409146586140732,2.56531989288288,26,"anti tag coimmunoprecipitation",3,24,2
"30833792",0,2,329,625,1289,35,0.0664885201902773,2.58940188185619,2177,"pull down",65,1235,11
"28683311",0.84,4,6,4,9,6,0.105518154830655,4.78998479709735,15,"anti bait coimmunoprecipitation",6,5,3
"25959826",0,1,106,314,314,9,0.0342260256199585,3.04825396347063,354,"anti tag coimmunoprecipitation",6,309,3
"25893612",0.42,2,10,6,12,4,0.115929489530684,2.65217571375861,14,"proximity ligation assay",4,2,0
"19587294",0.73,1,14,17,17,4,0.0477065985042296,2.46485358147927,17,"anti tag coimmunoprecipitation",3,17,3
"25036101",0.15,1,49,51,51,4,0.0383542979189605,2.85184517179497,55,"phage display,pull down",19,42,10
"23572552",0.03,1,23,38,38,6,0.0970054125958505,2.62792367088234,39,"pull down",4,38,4
"25825872",0.47,3,17,15,34,9,0.0899721373780479,2.3117183306104,62,"phage display",5,29,0
"19934020",0.53,2,6,5,7,4,0.154917425402038,2.73069687572982,9,"anti bait coimmunoprecipitation",2,6,1
"31467278",0.2,1,4,77,77,3,0.0244926652323232,3.42305711770994,45,"split luciferase complementation",39,42,23
"23355646",0.32,2,8,11,12,5,0.132231523367388,2.40677510010039,21,"far western blotting",3,9,0
"26617989",0.57,1,18,46,46,6,0.0433089572010281,2.28988553458209,46,"tandem affinity purification",14,35,3
"18468998",0.21,1,11,20,20,3,0.0830221880735617,2.44443900124414,21,"tandem affinity purification",2,19,1
"21115837",0.39,1,11,12,12,4,0.109879948681539,2.00565165542025,15,"tandem affinity purification",2,11,1
"23956175",0.02,1,13,15,15,4,0.187447570681131,1.94255059226703,20,"anti tag coimmunoprecipitation",2,13,0
"31413325",0,1,553,1234,1234,30,0.0237327920067549,2.50616492223675,1690,"two hybrid fragment pooling approach",36,1220,22
"27153538",0.94,18,20,3,22,6,0.160081272260484,11.995210382925,55,"anti tag coimmunoprecipitation",4,21,3
"29721183",0.06,1,177,188,188,4,0.0367304882051191,4.13302158572943,191,"anti bait coimmunoprecipitation",2,187,1
"22453275",0,1,136,148,148,8,0.107741317243519,1.99915748392438,277,"tandem affinity purification",4,148,4
"29789297",0.48,4,8,10,15,5,0.107418611222075,4.16572368655566,29,"anti tag coimmunoprecipitation",9,9,3
"31391242",0,2,149,116,232,7,0.142319615338007,4.20047792336022,347,"two hybrid prey pooling approach",18,227,13
"28533443",0.32,2,7,7,12,5,0.130380563462432,2.47500508926415,15,"enzyme linked immunosorbent assay",6,10,4
"31515488",0.65,5,90,206,1741,30,0.0272669279807238,2.95060678754793,2158,"two hybrid array",1,1,0
"29892012",0.2,1,56,532,532,17,0.0155317979015946,2.27751864238749,582,"two hybrid array",418,140,26
"21799911",0.49,1,36,36,36,4,0.0392182978775946,2.75342928628602,39,"anti tag coimmunoprecipitation",2,36,2
"29867216",0.02,1,14,15,15,4,0.182453589379457,1.92902214569124,21,"anti bait coimmunoprecipitation",2,15,2
"14613973",0.88,2,5,5,7,4,0.0920632455233691,3.10851993851302,8,"surface plasmon resonance",5,2,0
"31759698",0.13,1,29,30,30,3,0.0775216722362106,2.72470394454384,32,"anti tag coimmunoprecipitation",3,27,3
"31980649",0,2,217,900,1842,77,0.0353133887947434,1.9796826807414,4644,"anti tag coimmunoprecipitation",117,1795,70
"19131338",0.64,1,17,18,18,6,0.0705860565908635,2.10838830253266,23,"tandem affinity purification",4,18,4
"32203420",0.08,2,63,310,707,25,0.0357260646186194,2.35109474315159,941,"anti tag coimmunoprecipitation",102,647,42
"31837246",0.77,10,21,11,33,15,0.0937813117007357,4.72735198694146,119,"fluorescence polarization spectroscopy",0,0,0
"24981860",0,1,64,1619,1619,42,0.0505827010649024,1.83379388201962,3102,"tandem affinity purification",289,1472,142
"28988771",0.33,1,9,11,11,5,0.131091148788576,1.88316320734519,16,"surface plasmon resonance",2,3,0
"32017888",0.61,2,5,5,7,5,0.139428200106511,2.59766227421668,9,"anti tag coimmunoprecipitation",3,2,0
"29209066",0.37,2,6,6,8,6,0.164039137957947,2.33524843235093,12,"surface plasmon resonance",4,2,2
"20473329",0.94,4,6,5,7,5,0.0707378288226743,5.36288866345401,13,"anti bait coimmunoprecipitation",5,6,4
"30824926",0,1,63,90,90,4,0.0863517841270063,2.59350675236582,110,"two hybrid",2,88,0
"32439656",0.29,2,9,10,10,3,0.139612906224361,2.65765136712519,18,"anti tag coimmunoprecipitation",4,9,3
"29636472",0,1,30,31,31,4,0.14311999151227,2.10680629709639,43,"D electron microscopy",0,0,0
"22119785",0,1,53,174,174,18,0.0632608193515442,1.92378480903751,301,"pull down",25,173,24
"21715506",0.09,1,66,101,101,3,0.0690464854757024,3.79997957525291,99,"tandem affinity purification",0,101,0
"32814053",0.1,8,751,571,2882,93,0.0250427801781644,2.1847576924253,11169,"two hybrid array,two hybrid pooling approach",345,2652,180
"32761762",0,1,92,111,111,4,0.139287126208358,2.3132660204882,155,"tandem affinity purification",3,109,2
"21653829",0,1,216,557,557,21,0.0324747106107141,2.22452665521765,837,"two hybrid pooling approach",26,534,3
"26949739",0.26,1,35,127,127,10,0.0330845241924016,2.43357696087794,153,"cross linking study",8,121,2
"32960270",0,2,208,176,363,6,0.131741445843013,3.36438485956477,600,"anti tag coimmunoprecipitation",3,363,3
"23785123",0.58,2,7,6,7,5,0.144976966724177,2.32018413889432,12,"solid phase assay",2,4,2
"31694235",0.12,1,26,36,36,4,0.0668583238314331,2.75423614698236,37,"two hybrid",2,34,0
"31548606",0.02,2,6,8,8,5,0.31174920742894,2.00515092079843,18,"anti tag coimmunoprecipitation",6,6,4
"20959446",0.05,1,7,6,6,3,0.504697610586579,1.49650103028551,16,"anti tag coimmunoprecipitation",5,6,5
"23661758",0.28,12,24,13,36,16,0.127430913189839,4.57076063727606,175,"fluorescent resonance energy transfer",0,0,0
"33422265",0.35,2,6,12,18,4,0.110344230775383,3.44546984868021,19,"anti tag coimmunoprecipitation",11,10,3
"27103069",0.43,3,8,6,12,6,0.135187006706038,3.09311809338638,17,"anti tag coimmunoprecipitation",5,10,4
"23873930",0.71,1,24,26,26,4,0.0358061377932574,2.64059715780607,27,"peptide array",26,6,6
"24608264",0.71,1,19,18,18,4,0.0485320011054134,2.46425862587142,20,"tandem affinity purification",1,17,0
"33548203",0.77,3,7,6,10,4,0.119948624005931,3.69845879840674,14,"pull down",6,10,6
"32647223",0.51,3,9,6,8,5,0.138664572451246,2.73908921040553,17,"pull down",2,8,2
"25752541",0.01,1,19,26,26,4,0.130105921143854,2.10896847065064,34,"anti tag coimmunoprecipitation",3,25,2
"20211142",0.38,3,49,174,481,24,0.0379747692880295,2.42854365301571,760,"two hybrid array",379,231,129
"10944123",0.79,2,6,8,9,5,0.0931619158263726,2.74750683590656,13,"anti tag coimmunoprecipitation",7,8,6
"16723661",0.86,3,9,5,10,6,0.0963531168214211,2.8773867738178,15,"two hybrid",10,10,10
"20176811",0.27,3,8,7,7,4,0.168659271532743,2.73864123744653,17,"anti tag coimmunoprecipitation",6,7,6
"24421332",0.24,4,7,6,8,6,0.190896660307768,3.6381021370481,18,"anti bait coimmunoprecipitation",8,7,7
"32389690",0.26,2,4,6,8,4,0.228931375005308,2.70559277115495,10,"cross linking study",5,4,3
"25355947",0.12,1,13,17,17,5,0.130171492611718,2.03022513395231,22,"anti bait coimmunoprecipitation",15,8,6
"20584987",0.92,2,14,9,14,6,0.0626118451496126,2.40188330762392,21,"anti tag coimmunoprecipitation",6,13,5
"31617661",0,2,377,260,516,14,0.0799291894443653,2.42275325251479,1082,"proximity dependent biotin identification",7,515,6
"30194290",0,3,464,323,471,6,0.12097386361844,7.42127260287,1238,"proximity dependent biotin identification",4,471,4
"27229929",0,1,59,176,176,11,0.0420989524211995,2.5433820017599,196,"two hybrid pooling approach",12,166,2
"28947780",0.21,1,12,13,13,4,0.136530984853899,1.9719409239098,17,"anti bait coimmunoprecipitation",7,13,7
"34316702",0,1,922,1285,1285,4,0.03025125070159,3.55406818645827,1444,"anti bait coimmunoprecipitation",2,1285,2
"26300262",0.47,1,22,23,23,4,0.0508959588876878,2.64783100591803,24,"anti tag coimmunoprecipitation",5,23,5
"23543736",0.53,2,5,6,12,5,0.102894866632437,2.80737141909113,12,"anti tag coimmunoprecipitation",8,8,4
"32707033",0.03,10,223,368,2473,75,0.0415008274369796,2.34307553919772,7418,"pull down",318,2303,148
"27880917",0.01,1,77,1022,1022,30,0.0189364611098635,2.17861331568189,1293,"anti tag coimmunoprecipitation",123,923,24
"12080061",0.42,2,10,6,12,4,0.115929489530684,2.65217571375861,14,"pull down",5,9,2
"33436498",0.1,2,7,10,15,4,0.192940703381665,2.77526348703875,19,"fluorescence polarization spectroscopy",0,0,0
"unassigned3273",0,1,289,1704,1704,35,0.0376783178546357,2.53723875808746,2227,"phage display",35,1663,5
"35016035",0.07,1,73,396,396,23,0.0271420731608478,2.42147331571532,509,"anti tag coimmunoprecipitation",18,385,7
"unassigned3314",0,1,382,1424,1424,105,0.0650392433792241,1.57150532391831,8023,"proximity dependent biotin identification",109,1369,54
"34799561",0.02,1,6,17,17,3,0.167791266355629,2.09189555640063,17,"fluorescence polarization spectroscopy",4,1,0
